ISBN,書名,作者
9783504890421,遺失的鋼琴師,郭雅婷
9780450426131,雨中書店,張宜庭
9781682307557,會說話的偵探,張家豪
9781100398464,最後一個祕密,許妍希
9788030133486,小鎮偵探,林沐恩
9784874298404,地下室貓,吳建宏
9787295557518,沉默的鐘樓,許俊傑
9782853749442,十二個河,張睦晨
9783638536950,海邊的季節,王妍希
9781332259168,深夜的約定,謝禹安
9786362213715,海邊的旅人,吳建宏
9788817790932,北方信,張禹安
9781266632761,半路上的祕密,吳妍希
9783909219179,海邊的貓,賴怡君
9789583750502,看不見的咖啡館,楊承翰
9787131573955,看不見的廚房,劉佩珊
9789264167339,沉默的森林,劉思妤
9787223804837,藍色河,謝子涵
9782524309364,微小的郵差,鄭芃穎
9783703447006,最後一個偵探,張佩珊
9788955488630,看不見的信,周宗翰
9789421448868,沉默的廚房,周承翰
9783842462014,十二個廚房,黃承翰
9789730594157,半路上的郵差,賴芷萱
9781351265959,十二個鐘樓,黃語彤
9784627430051,深夜的鋼琴師,謝俊傑
9789528573845,紙上的鋼琴師,陳季軒
9782544719846,兩個人的森林,曾妍希
9784866395173,深夜的燈塔,郭彥廷
9784780777710,月球回信,黃怡君
9783614830621,月球旅人,曾柏翰
9785454567279,會說話的夏天,蔡祐誠
9781003405061,藍色咖啡館,吳雅婷
9783672272210,第七號地圖,郭祐誠
9789396519815,十二個書店,賴志明
9781249551331,看不見的鋼琴師,許若瑜
9782170876418,看不見的鐘樓,陳佩珊
9788332612252,深夜的河,李季軒
9787565241598,漫長的鐘樓,黃建宏
9789250038261,漫長的夏天,黃子涵
9783267198192,海邊的廚房,許若瑜
9786979510511,十二個書店,許祐誠
9784340764709,藍色約定,李宥辰
9782399265161,十二個島,曾雅婷
9787001201254,月球燈塔,廖宗翰
9782016087992,漫長的鋼琴師,李品妍
9789987303588,雨中燈塔,廖宥辰
9789046821947,地下室夏天,陳祐誠
9786027249400,會說話的手記,洪建宏
9787563547494,沉默的鋼琴師,吳沐恩
9782085487334,遺失的地圖,林淑芬
9782919809752,圖書館地圖,林祐誠
9785356474316,紙上的書店,蔡語彤
9785973343415,微小的祕密,陳妍希
9785317555528,月球廚房,洪妍希
9785571044141,深夜的咖啡館,李怡君
9788754426529,看不見的花園,蔡佩珊
9781913485597,漫長的偵探,陳禹安
9788560215263,漫長的咖啡館,邱芃穎
9786022456629,地下室夏天,林柏翰
9781679983634,最後一個森林,張沐恩
9781904115427,地下室地圖,郭佩珊
9781315070797,藍色季節,洪妍希
9781422930533,漫長的回信,邱佩珊
9788508142675,深夜的季節,曾志明
9781111057398,最後一個花園,陳柏翰
9789677557680,月球書店,林語彤
9780414474918,藍色手記,李季軒
9781009488556,北方廚房,周詠晴
9780933640344,第七號鐘樓,楊季軒
9785567735947,兩個人的偵探,賴家豪
9788215834962,地下室鋼琴師,邱美玲
9789136884739,冬季約定,邱沐恩
9784456274666,藍色花園,廖承翰
9788078909548,半路上的回信,洪沐恩
9787524816980,深夜的島,周宗翰
9788453308409,小鎮咖啡館,楊宜庭
9788920199394,紙上的手記,黃家豪
9780149928724,月球貓,黃芃穎
9785847120432,漫長的書店,廖沐恩
9785098511393,轉角夏天,黃承翰
9787565428135,海邊的森林,張禹安
9781157470175,藍色郵差,劉芃穎
9789965256653,小鎮河,洪冠宇
9784071906799,深夜的河,李美玲
9781039781429,紙上的鋼琴師,邱禹安
9783516770131,深夜的手記,郭睦晨
9788729983132,地下室列車,鄭芷萱
9789582122263,最後一個偵探,吳冠宇
9789108093800,月球花園,王祐誠
9786560070080,月球地圖,黃沐恩
9781361566688,會說話的貓,楊詠晴
9784278069150,漫長的季節,鄭俊傑
9788221677171,遠方的花園,廖沐恩
9786527365532,藍色祕密,陳承翰
9786165615471,雨中手記,曾子涵
9782626359199,小鎮森林,廖詠晴
9789955491217,轉角鋼琴師,李冠宇
9781249189732,紙上的祕密,郭子涵
9787027776118,轉角夏天,黃家豪
