條碼,ISBN
C00001,9783504890421
C00002,9780450426131
C00003,9781682307557
C00004,9781100398464
C00005,9788030133486
C00006,9788030133486
C00007,9784874298404
C00008,9784874298404
C00009,9787295557518
C00010,9782853749442
C00011,9782853749442
C00012,9783638536950
C00013,9783638536950
C00014,9781332259168
C00015,9786362213715
C00016,9786362213715
C00017,9788817790932
C00018,9781266632761
C00019,9783909219179
C00020,9783909219179
C00021,9789583750502
C00022,9787131573955
C00023,9789264167339
C00024,9787223804837
C00025,9782524309364
C00026,9783703447006
C00027,9783703447006
C00028,9788955488630
C00029,9789421448868
C00030,9789421448868
C00031,9783842462014
C00032,9789730594157
C00033,9781351265959
C00034,9781351265959
C00035,9784627430051
C00036,9789528573845
C00037,9789528573845
C00038,9782544719846
C00039,9784866395173
C00040,9784780777710
C00041,9784780777710
C00042,9783614830621
C00043,9785454567279
C00044,9785454567279
C00045,9781003405061
C00046,9783672272210
C00047,9783672272210
C00048,9789396519815
C00049,9781249551331
C00050,9782170876418
C00051,9782170876418
C00052,9788332612252
C00053,9787565241598
C00054,9789250038261
C00055,9783267198192
C00056,9786979510511
C00057,9784340764709
C00058,9784340764709
C00059,9782399265161
C00060,9782399265161
C00061,9787001201254
C00062,9787001201254
C00063,9782016087992
C00064,9789987303588
C00065,9789046821947
C00066,9789046821947
C00067,9786027249400
C00068,9787563547494
C00069,9787563547494
C00070,9782085487334
C00071,9782919809752
C00072,9782919809752
C00073,9785356474316
C00074,9785973343415
C00075,9785317555528
C00076,9785317555528
C00077,9785571044141
C00078,9788754426529
C00079,9788754426529
C00080,9781913485597
C00081,9788560215263
C00082,9786022456629
C00083,9781679983634
C00084,9781679983634
C00085,9781679983634
C00086,9781904115427
C00087,9781315070797
C00088,9781422930533
C00089,9788508142675
C00090,9788508142675
C00091,9781111057398
C00092,9781111057398
C00093,9789677557680
C00094,9789677557680
C00095,9780414474918
C00096,9781009488556
C00097,9780933640344
C00098,9785567735947
C00099,9788215834962
C00100,9788215834962
C00101,9789136884739
C00102,9784456274666
C00103,9788078909548
C00104,9787524816980
C00105,9787524816980
C00106,9787524816980
C00107,9788453308409
C00108,9788920199394
C00109,9780149928724
C00110,9785847120432
C00111,9785847120432
C00112,9785098511393
C00113,9787565428135
C00114,9787565428135
C00115,9781157470175
C00116,9789965256653
C00117,9784071906799
C00118,9784071906799
C00119,9781039781429
C00120,9781039781429
C00121,9783516770131
C00122,9783516770131
C00123,9783516770131
C00124,9788729983132
C00125,9788729983132
C00126,9789582122263
C00127,9789108093800
C00128,9789108093800
C00129,9786560070080
C00130,9781361566688
C00131,9781361566688
C00132,9784278069150
C00133,9788221677171
C00134,9786527365532
C00135,9786165615471
C00136,9782626359199
C00137,9782626359199
C00138,9789955491217
C00139,9789955491217
C00140,9781249189732
C00141,9787027776118
C00142,9787027776118
