會員編號,姓名,電話
M00001,楊芷萱,0936-165-072
M00002,洪詠晴,0910-367-676
M00003,曾志明,0929-023-911
M00004,郭柏翰,0917-210-924
M00005,賴建宏,0917-987-393
M00006,廖品妍,0955-170-966
M00007,郭詠晴,0981-142-385
M00008,吳彥廷,0927-825-558
M00009,李子涵,0948-360-474
M00010,郭柏翰,0977-780-468
M00011,謝子涵,0977-202-111
M00012,劉柏翰,0937-771-221
M00013,陳祐誠,0984-400-992
M00014,吳雅婷,0916-638-588
M00015,張宜庭,0933-652-721
M00016,蔡季軒,0974-512-720
M00017,吳芃穎,0975-701-349
M00018,張季軒,0963-031-018
M00019,曾淑芬,0947-603-550
M00020,王芷萱,0912-367-140
M00021,蔡彥廷,0920-192-270
M00022,李怡君,0919-481-710
M00023,郭妍希,0981-051-919
M00024,陳雅婷,0922-051-828
M00025,郭芷萱,0914-620-818
M00026,陳祐誠,0968-101-457
M00027,洪季軒,0941-372-281
M00028,邱沐恩,0958-430-104
M00029,賴思妤,0920-320-349
M00030,賴佩珊,0942-683-530
M00031,林子涵,0996-538-483
M00032,邱承翰,0953-373-239
M00033,王思妤,0910-023-973
M00034,周彥廷,0948-770-090
M00035,黃芷萱,0972-946-922
M00036,林子涵,0974-270-877
M00037,郭思妤,0996-571-401
M00038,李季軒,0982-889-475
M00039,蔡宜庭,0924-191-810
M00040,吳柏翰,0918-346-351
